obf,disccount,nodekindcode,lowerbound,upperbound
--------------------------XXX-----OOO--------------------------- X;,6,2,-2,-2
-----------------O--------OXX-----OOO--------------------------- X;,7,16,2,36
---------O---X---XOXX------OO------XO--------------------------- X;,10,8,-36,-2
----------O-------OOOX-----OX------XO--------------------------- X;,9,16,2,36
------------------X-------OXO-----OOOO---O---------------------- X;,9,16,2,36
-------------------O------XOX-----OOO--------------------------- X;,7,16,2,36
-------------------X-------XXOO----XOO------O------------------- X;,9,16,2,36
-----------X-------XX------OOOO---OOO--------------------------- X;,10,8,-36,-2
-------------------X-------XXO-----XOO------OO------------------ X;,9,16,2,36
-------------------OX-----OOX-----XOX------O-------------------- X;,9,16,2,36
--------------------X-----OXX-----XOOO-----O-------------------- X;,9,16,2,36
-----------O-------O------OOXX----XOO-------O------------------- X;,10,8,-36,-2
-------------------X-------XXO-----XOOO-----O------------------- X;,9,16,2,36
--------------------OX----XOX-----OOO------O-------O------------ X;,10,8,-36,-2
-------------------O------XXXX-----XXO------O------O------------ X;,10,8,-36,-2
---------O--------O--X----XOX-----XXO-------O------------------- X;,10,8,-36,-2
-------------------XXX-----XX-----OXO------O--------O----------- X;,10,8,-36,-2
----------------------O----XXO-----OO-----OOO------------------- X;,9,16,2,36
------------------O-------XOX------OO------OOO------------------ X;,9,16,2,36
------------------OXXX-----OX-----OXO-----X--------------------- X;,10,8,-36,-2
-------------------XO------XO------OO-----O--------------------- X;,7,16,2,36
---------------------X----OOOO----XXX--------------------------- X;,8,8,-36,-2
-----------------X---X----XOOO----XXO--------O------------------ X;,10,8,-36,-2
------------------OX-------XO------OO-----OOO------------------- X;,9,16,2,36
------------------XXX------XX------OOO-------------------------- X;,8,8,-36,-2
-------------------XXX-----XX------XO-------OO--------O--------- X;,10,8,-36,-2
-------------X----OXX-----OOO-----XXO--------------------------- X;,10,8,-36,-2
-------------------XXX-----XO------XO------OO-----O------------- X;,10,8,-36,-2
--------------------OO----XOOX----OOO--------------------------- X;,9,16,2,36
-------------------XO-----XXX------XOOO-----O------------------- X;,10,16,-6,36
-------------X----O-X-----XOO------XO--------------------------- X;,8,16,-10,36
-------------------O--O---XXXO-----OOO-------------------------- X;,9,16,2,36
-------------O-----X-O-----XXO-----XO-------O-------O----------- X;,10,16,-12,36
--------------------OX----OXO-----XXOX------O------------------- X;,10,16,-14,36
-------------------XOX-----XOO-----XO-------O-------O----------- X;,10,16,-10,36
------------------OX-X-----OXO-----XO-------O-------O----------- X;,10,16,-10,36
------------------X-X-----OXX------OOO-----O-------O------------ X;,10,4,-12,-12
------------X-------X----OOOX------XO--------O--------O--------- X;,10,16,-16,36
---------------------------XXX---OOXO-----O-O-----O------------- X;,10,16,-12,36
-------------------O------XOX------OO------O-------------------- X;,7,1,4,4
---------------------------XXX---OOXO-----O-O------O------------ X;,10,16,-12,36
--------------------O------XOX----XXO-----OOO------------------- X;,10,8,-36,16
------------O-------OX-----XX------XOO-----O------O------------- X;,10,16,-12,36
----------O--------OO------XOXX----XO--------------------------- X;,9,2,10,10
------------------O-X----XXOX------OOO-------------------------- X;,9,2,12,12
-------------------O-X-----OOOO---XXXO-------------------------- X;,10,4,-12,-12
-------------------XOX----OOOO-----XO--------------------------- X;,9,4,-20,-20
------------OX------X------XO------XOO-----O------O------------- X;,10,16,12,36
-------------------X-------XXO-----XXO------OO------O----------- X;,10,16,-6,36
------------------OXO-O---XXXO-----XO--------------------------- X;,10,2,30,30
------------X------XO-----XOO------OO------O-------------------- X;,9,16,0,36
-------------------X------OOX-O---XOXO------O------------------- X;,10,16,2,36
--------------------OX----XOX-----XOO-----XO-------------------- X;,10,4,-24,-24
------------------OX-------OXXX----XO-------O-------O----------- X;,10,16,-8,36
-----------------X--X-----XOX------OOO-----O-------O------------ X;,10,4,-14,-14
------------OX------O----OOXO-----XXO--------------------------- X;,10,16,-14,36
-------------X-----O-X-----XOX-----XOO----X--------------------- X;,10,8,-36,20
--------------------X----XXXX------OOO-----O-------O------------ X;,10,4,-8,-8
--------------------X-----OXX-----XOX------OO------O------------ X;,10,16,-6,36
--------------------X-X---OOOX----XOX------O-------------------- X;,10,8,-36,-2
---------------------X----OXX-----XOO-------O------------------- X;,8,16,-14,36
--------------------X-----OOOO----XOO--------O------------------ X;,9,8,-36,14
--------------------OX-----XO-----XXO-------O------------------- X;,8,16,-14,36
--------------------X------XX-----OXOO----OO------O------------- X;,10,16,-14,36
-------------------OX-----XXO------OOO-------------------------- X;,8,8,-36,-2
--------------------OX----OXXX----XOO-------O------------------- X;,10,16,-14,36
--------------------X----XXXXO-----OO------O-------O------------ X;,10,16,-8,36
-----------X-------X-O----XXOO-----OOO-------------------------- X;,10,24,2,20
-------------------X-------XX-----OXO------O------O------------- X;,8,2,2,2
-------------------O--X----OOXO---XXO--------O------------------ X;,10,16,-20,36
-------------------O------XOX------OO------OOO------------------ X;,9,16,2,36
--------------------X------XOO----XOOX----OO-------------------- X;,10,16,2,36
---------------------X----OXX----OOOO-----X-O------------------- X;,10,16,-20,36
------------------XO------XXX------OOOO----O-------------------- X;,10,16,-14,36
-------------------O-X-----OO-----XXOO-------O------------------ X;,9,8,-36,14
--------------------------XXX-----XOO----OOO-------------------- X;,9,16,-20,36
------------------X--X----OXX------OOO-----O-------O------------ X;,10,16,-20,36
-----------XO-------O-----XOOX----OOO--------------------------- X;,10,16,-4,36
------------------X------O-XX-----OOOOO----O-------------------- X;,10,8,-36,0
-------------X---X--X----OXOO------OO------O-------------------- X;,10,16,10,36
------------------X-X------XXO-----XX------OOO------------------ X;,10,16,-14,36
-------------------O-X-----OXOO---XOO------O-------------------- X;,10,16,-12,36
---------O--------O--X-----OXO-----XO-------O-------O----------- X;,10,16,-20,36
-------------------X-------XOO-----OOO----O--O------------------ X;,9,16,2,36
------------------X--X----OOOO-----OO------O-------O------------ X;,10,4,-20,-20
------------O-----O-OX-----XO-----XXO-------O------------------- X;,10,16,-14,36
------------------O--X-----OX-----XXO-------O------------------- X;,8,16,-14,36
-------------------O--X----OOXO---XOX-----O--------------------- X;,10,16,-14,36
---------------------X-----XX----OOXO-----OOO------------------- X;,10,16,-14,36
------------------X-OX-----XOO-----XO-------O-------O----------- X;,10,16,-20,36
-------------O-----XOX----XOX-----OOO--------------------------- X;,10,16,8,36
---------------------X-----XX----OOXO------OO-------O----------- X;,10,16,-14,36
----------O--------O--X----XOX-----XO-------O-------O----------- X;,10,16,2,36
--------------------XO---XXXO------OOO-------------------------- X;,9,2,12,12
--------------------X------XX-----XOOO----O--------------------- X;,8,8,-36,20
----------O--------O--O----XXOX----XO--------------------------- X;,9,2,24,24
------------------O--X----XOXO-----OO------O-------------------- X;,9,16,-20,36
-------------------O-X-----OOO----XXO-------O------------------- X;,9,8,-36,6
-----------------O--X----XOXX------OO--------O------------------ X;,9,2,24,24
---------------------------XXX---OXOX----OO------O-------------- X;,10,8,-36,20
------------------O--X-----OX----OXOO----X--O------------------- X;,10,16,-24,36
-----------------X-O------XOXX----XOX-----O--------------------- X;,10,8,-36,-2
------------OX------OX---OOOO------XO--------------------------- X;,10,16,-22,36
-------------------O-X-----OX----OXOO----X--O------------------- X;,10,16,-24,36
------------O-----O-OX-----OX------XOO----X--------------------- X;,10,16,-20,36
-------------------OOO-----XOX----XOX------O-------------------- X;,10,16,-6,36
--------------------OX-----XO----OXOO----X--O------------------- X;,10,16,-24,36
--------------------X------XX------XOO-----O------O------------- X;,8,16,-6,36
-------------------XO------XX-O----XOO------O------------------- X;,9,2,8,8
------------------X---O----XXOX----XO-------O-------O----------- X;,10,16,-16,36
-------------------OX------XOO----XOX-----O--------------------- X;,9,16,2,36
------------------X-O------XOXX----XO-------O-------O----------- X;,10,16,-16,36
---------O--------OXX-----XOO------OOO-------------------------- X;,10,8,-36,-2
---------------------X---XXXX------OOO-----O-------O------------ X;,10,4,-16,-16
------------------O-X----XXOX------OO--------O------------------ X;,9,2,20,20
-------------------X-------XOO-----OO-----O--------------------- X;,7,2,14,14
--------------X------X-----XXOO---XXO------O-------------------- X;,10,8,-36,20
-----------X-------XX------XO----OOOOO-------------------------- X;,10,8,-36,6
-----------X-------X-------XO----OOOO--------O------------------ X;,9,2,16,16
-------------------O------XXOX-----OOO-------------------------- X;,8,1,-4,-4
----------X--------X-------OOOO----OO-------O------------------- X;,9,8,-36,6
---------X--------XX-O----OXO-----OOO--------------------------- X;,10,2,24,24
-------------O----XOO------XO------OOO-------------------------- X;,9,16,2,36
-------------------XO-----OOO-----XOOX------O------------------- X;,10,16,2,36
-----------------X--X-----XXX-----OOOO----O--------------------- X;,10,8,-36,14
--------------------O------XOX----XXO-------O------------------- X;,8,16,-6,36
-----------O-------OXX-----OX-----OXO-----X--------------------- X;,10,16,-24,36
-------------------O------XXOX-----OOO------O------------------- X;,9,8,-36,6
---------------------X-----XX----OXOO----O--O----O-------------- X;,10,4,-24,-24
------------X-------X-----XXX------XX------OOO------------------ X;,10,8,-36,20
----------O-X------O------XXOX-----OOO-------------------------- X;,10,16,-8,36
-------------------OX-----XXXO----XOO------O-------------------- X;,10,2,2,2
-----------X-------X------XXOOO----OOO-------------------------- X;,10,16,-4,36
-------------------O-X-----OXOO---XXO--------O------------------ X;,10,16,-12,36
--------------------X------XXO----XOO------OO-------O----------- X;,10,4,-6,-6
-------------------XXX-----OX-----OOO-----XO-------------------- X;,10,16,-16,36
----------X--------XO-----XOO------OO------O-------------------- X;,9,4,-2,-2
------------OX---X--O----OXOO------XO--------------------------- X;,10,16,-24,36
--------------------------XXX-----OOOOO--O-O-------------------- X;,10,2,12,12
-------------X-----XX----OOXO------OO-----O--------------------- X;,10,16,2,36
--------------------------XXX------OOOO----O-------------------- X;,8,4,-6,-6
------------------O---O---XXXO-----OOO-------------------------- X;,9,16,2,36
------------X-------X-----XOOOO---OOO--------------------------- X;,10,4,-10,-10
------------------O-X-----XXX------XOO-----O------O------------- X;,10,16,-6,36
-------------X----OXX----OOOO------XO--------------------------- X;,10,16,2,36
------------------X-X-----OOOO-----OO------O-------O------------ X;,10,16,-10,36
------------------O-X------OOO----XXOX-----O-------------------- X;,10,16,2,36
---------OX-------O-------XOX------OO------O-------------------- X;,9,8,-36,18
-------------------XXX-----XX------XOOO-----O------------------- X;,10,8,-36,-2
--------------------X------XXO----XOO------OOO------------------ X;,10,16,2,36
----------X-------XX-------XOOO----OO------O-------------------- X;,10,16,-22,36
-------------------X------OXX----XXOX-------O--------O---------- X;,10,16,-6,36
----------OX-------O------XXOX-----OOO-------------------------- X;,10,16,-10,36
-------------X------X------XOOO----OO-------O------------------- X;,9,16,-2,36
--------------------OX-----OOX----XXOX-----O-------------------- X;,10,4,-20,-20
------------------X-X-----OXOO-----OOO-------------------------- X;,9,16,-20,36
------------------O-OX-----OXX----XXO-------O------------------- X;,10,16,-14,36
--------------------X-----OXX-----XOOOO-----O------------------- X;,10,2,0,0
-------------------OX------XXO----XOO------O-------------------- X;,9,2,6,6
-------------X----OXXX-----OOO-----XO--------------------------- X;,10,8,-36,-2
------------X------X------XXOOO----OOO-------------------------- X;,10,16,-8,36
---------------------X-----XX----OOXO-----O-O-----O------------- X;,10,16,-20,36
---------------------XO----OXO----XXOX-----O-------------------- X;,10,16,-14,36
-----------X------XX------OOO------OO-------O------------------- X;,9,16,-20,36
-----------X------XX-O-----XOO-----OOO-------------------------- X;,10,16,-22,36
-------------------X------OOX-----XOOOO-----O------------------- X;,10,16,2,36
-----------X--------X-----XOOOO---OOO--------------------------- X;,10,4,-8,-8
-----------X------OX------XOOX-----OOO-------------------------- X;,10,16,-10,36
-------------------O--X----OOXO---XXO-------O------------------- X;,10,16,-20,36
---------------------X----OOX-----XOX------OO------O------------ X;,10,4,-14,-14
-------------------O------XXOX-----XOO------O-------O----------- X;,10,16,2,36
------------X------X-O----XXOO-----OOO-------------------------- X;,10,24,-8,20
------------------O-XX----OXX-----XOO-------O------------------- X;,10,16,-14,36
------------------XXX------XX------XOO-----O------O------------- X;,10,8,-36,-2
-------------------OX------XO-----XOOO-----O-------------------- X;,9,1,4,4
--------------------X-----OOOO----XXOX-----O-------------------- X;,10,16,2,36
--------------------X-----XXXO-----XO------OO-------O----------- X;,10,2,-2,-2
---------X--------XX-------XX------OOOO----O-------------------- X;,10,8,-36,20
------------------X--------XX------OOOO----O-------------------- X;,8,4,-14,-14
-------------------O------XXOX-----XOO------O------O------------ X;,10,16,2,36
-------------X---X--X----OXOO-----OOO--------------------------- X;,10,16,8,36
------------X-------X-O---XOXO----OOO--------------------------- X;,10,16,-4,36
-------------X------X-O---XXXO----OOO--------------------------- X;,10,8,-36,2
---------------------X----OOX-----XXO------O-O-----O------------ X;,10,16,-14,36
-------------O------O----XXXX------OOO-------------------------- X;,9,2,14,14
---------------------X---XXXXO-----OO------O-------O------------ X;,10,16,-16,36
-----------X-------X-------XO-----OOOO---O---------------------- X;,9,2,12,12
--------------------O------XOX----XXOO------O-O----------------- X;,10,2,2,2
------------------XXXO-----XXO-----OOO-------------------------- X;,10,16,-18,36
-----------O-------XOX-----XOO-----XO--------------------------- X;,9,16,-16,36
-------------------XO------XOXX----XO-------O-------O----------- X;,10,16,-8,36
-------------------XO-----XXX-O----XOO------O------------------- X;,10,16,-6,36
------------X------X--O---XXOO-----OOO-------------------------- X;,10,16,-8,36
------------------X---O---OXXO-----OO-------O------------------- X;,9,16,-20,36
-------------------X-------XX------XO-------OO------O----------- X;,8,8,-36,20
-------------X------X-O----XOO-----OO-------O------------------- X;,9,16,-2,36
-------------------XX-----OXX------XX-----OOO------------------- X;,10,16,-6,36
--------------------OX----XOO-----OXO-------O-------O----------- X;,10,16,-22,36
--------------------------OXXX----XOXO------O-O----------------- X;,10,2,14,14
--------------------X-----XXXO-----XO------OOO------------------ X;,10,2,16,16
------------------O--------OXX----XXO-------O------------------- X;,8,16,-6,36
-------------------OX------XOX----XOOO-----O-------------------- X;,10,16,-6,36
----------X--------X-O----XOO------OO------O-------------------- X;,9,16,0,36
-------------------XO------XOO----XXOX-----O-------------------- X;,10,1,-4,-4
------------------OX------OXX-----OXO-----O-------O------------- X;,10,16,-18,36
-------------X-----XX----OOXO-----OOO--------------------------- X;,10,4,-10,-10
-------------------X------OOXO-----XOO-------O------------------ X;,9,2,20,20
----------O--------OOX-----XO------XOO-------------------------- X;,9,16,2,36
-----------X-------X--O---XXOO-----OOO-------------------------- X;,10,16,2,36
---------------------O----XXXO----OOOO-------------------------- X;,9,16,2,36
--------------------XX----OOXO-----XO------O------O------------- X;,10,16,-14,36
-------------------OX------OX-----XOX------O-------------------- X;,8,2,-2,-2
------------O------OO-----XXOX-----OOO-------------------------- X;,10,8,-36,-2
---------------------X-----OXX----XXOOO----O-------------------- X;,10,16,-20,36
------------------OOOX-----OOO-----XO--------------------------- X;,9,8,-36,18
-----------X--------X-O---XOXO----OOO--------------------------- X;,10,16,-4,36
-------------------X-------XX-O----XXO------OO------O----------- X;,10,8,-36,20
----------O--------O-------XOXX----XOO-------------------------- X;,9,2,14,14
-------------------X-----O-XX-----OOOOO----O-------------------- X;,10,2,0,0
------------------OX-------OXO-----XOO-------O------------------ X;,9,2,24,24
------------X------X------XOOO-----OO------O-------------------- X;,9,4,0,0
------------------OX------XXX------OOOO----O-------------------- X;,10,8,-36,20
-------------------O------XOXX----XOXO-----O-------------------- X;,10,16,-6,36
-------------------X-------XX-----OOOOO----O--------O----------- X;,10,2,2,2
-----------X--------X-O----XOO-----OO-------O------------------- X;,9,16,0,36
--------------X----OOOO----XX-----XXX--------------------------- X;,10,2,32,32
--------------------XXX----XO------OOO------O-------O----------- X;,10,8,-36,20
-----------X-------X-------XO----OOOO-------O------------------- X;,9,2,8,8
-------------------X-------XX-----OOOOO--O-O-------------------- X;,10,8,-36,0
--------------------X------XXO----XOO------OO--------O---------- X;,10,16,2,36
-------------------OX------XO-----XOOO----O--------------------- X;,9,2,22,22
------------X-------XX----XOOO----OOO--------------------------- X;,10,16,-22,36
--------------------O------XOXO---XXOO------O------------------- X;,10,8,-36,0
-------------------O--X----OOXO---XOX------O-------------------- X;,10,16,-20,36
-------------------OX------OOO----XOO------O-------------------- X;,9,16,2,36
--------------------OX----XOX----OOOO-----X--------------------- X;,10,16,-24,36
------------------OOOOO----OX------XO--------------------------- X;,9,16,-20,36
---------------------------XXX---OXOO----O--O----O-------------- X;,10,4,-20,-20
-------------------XXX-----OX-----OXO------O------O------------- X;,10,16,-20,36
-------------X------X----OOXO----OOOO--------------------------- X;,10,4,-14,-14
-------------------XXX-----XOO-----OO-----O--------------------- X;,9,16,-16,36
-----------X-------XX----OOOO------OOO-------------------------- X;,10,8,-36,-2
--------------------XO----XXX------OOOO----O-------------------- X;,10,16,-6,36
------------OX------O-----XXOO-----XO-O------------------------- X;,10,8,-36,0
---------------------X----XXXO-----XO------OOO------------------ X;,10,16,-22,36
-------------X-----OXO-----XO-----XOX-----O--------------------- X;,10,8,-36,16
-----------OX-------O-----XXXO-----XO-O------------------------- X;,10,8,-36,0
-------------------X-------XOO----OOO--------------------------- X;,7,2,6,6
-------------------X-------XX-----OXO------O--------O----------- X;,8,2,0,0
---------------------------OX------XO--------------------------- X;,4,1,-4,-4
-------------------X-------XXOO----XXO------O-------O----------- X;,10,4,-6,-6
--------------------O-----XXXO----OOO-O------------------------- X;,9,16,2,36
-----------OX------O------XOX------OO------O-------------------- X;,9,16,6,36
-------------------OXO----XXOO-----OOO-------------------------- X;,10,2,20,20
---------------------X----OXX-O---XXXO------O------------------- X;,10,16,-14,36
-------------------X------OXO------OO-----OOO------------------- X;,9,16,2,36
------------------OXO-----XXXO-----XO-O------------------------- X;,10,2,24,24
--------------------OX-----XXO----XXO-O-----O------------------- X;,10,16,-14,36
-----------XXX------O----OOOO------XO--------------------------- X;,10,16,-10,36
-------------------XX------XXO-----XO-------OO------O----------- X;,10,8,-36,20
----------O--------O-X----OOOO-----XO--------------------------- X;,9,8,-36,10
------------------OOX------OO-----XOOO-------------------------- X;,9,16,-6,36
------------O------O-X----OOXO-----XO--------------------------- X;,9,16,-20,36
-------------------XXX-----OX-----OXO------O--------O----------- X;,10,16,-20,36
----------XO-------O------XOX------OO------O-------------------- X;,9,16,6,36
-------------------X-------XXO----OOOX----XO-------------------- X;,10,16,-22,36
------------------XXX------XO------OOO------O-------O----------- X;,10,16,-14,36
------------------X--------XX-----OOOOO--O-O-------------------- X;,10,8,-36,0
--------------------X-----OXO-----OOO-----O-O------------------- X;,9,16,-6,36
-------------O-----X-O----OOXO-----XO--------------------------- X;,9,16,-20,36
------------------OX------OXX-----OOO--------------------------- X;,8,2,20,20
-----------------O-O------OXXX----XOX-------O------------------- X;,10,2,14,14
--------------------------OXXX----XOO-------O------------------- X;,8,16,-6,36
---------------------O-----XOO-----OOO-------------------------- X;,7,16,2,36
-----------O-------OXX----XOX-----OOO--------------------------- X;,10,16,-18,36
-------------------X-------XX-----OXO------O------OOO----------- X;,10,8,-36,-6
------------------XOX-----XOX-----XOX-------O------------------- X;,10,8,-36,6
-------------------XXX-----XX----OOOO----X---------------------- X;,10,8,-36,-2
-------------------O-O----XXOX-----XO-------O-------O----------- X;,10,8,-36,20
-------------------X-------XX-----OXX------OOO----O------------- X;,10,2,24,24
----------X-------XX-------XOOO----OO-------O------------------- X;,10,16,-22,36
----------X--------X------XOOO-----OO------O-------------------- X;,9,16,0,36
--------------------XO---XXXO------OO--------O------------------ X;,9,2,20,20
-----------OX-------O-O---XXXO-----XO--------------------------- X;,10,8,-36,2
-------------------XO-----XXX-----OOOOO------------------------- X;,10,2,12,12
------------------OOO------XOX----XXO-------O------------------- X;,10,16,-6,36
------------O-------OX-----OX-----OOOO----X--------------------- X;,10,4,-20,-20
-----------O-------O-X----OOXO-----XO--------------------------- X;,9,16,-20,36
-------------------O-X----XOXO-----OO------O-------------------- X;,9,16,-20,36
---------------------X----OOOO----XXO------O-------O------------ X;,10,16,-14,36
---------------------X-----OOOO---XXOX-----O-------------------- X;,10,16,-20,36
---------------------------XO------OOO-------------------------- X;,5,1,4,4
-------------------OX-----OOX-----XOX------O-------O------------ X;,10,16,-6,36
------------------XXX-O----XOO-----OOO-------------------------- X;,10,16,-18,36
---------------------X-----XX----OOXO-----O-O------O------------ X;,10,16,-20,36
-------------------XXX-----OX-----OXO-----O-------O------------- X;,10,16,-24,36
-------------------X------OOOO-----XOX----XO-------------------- X;,10,4,-22,-22
--------------------X-----OXX-----XOX-------OOO----------------- X;,10,16,-22,36
------------------OX-------OXO-----XOX----XO-------------------- X;,10,16,-22,36
---------------------X----XXXO-----XO------OO-------O----------- X;,10,16,-22,36
------------X-------X-----XXX-----OOOO--------O----------------- X;,10,16,-6,36
-----------X------XX-------XOOO----OOO-------------------------- X;,10,4,-22,-22
------------------XX-O-----XX------OOOO----O-------------------- X;,10,16,-14,36
------------X-O-----XO----XOO-----OOO--------------------------- X;,10,16,-22,36
-----------O------OO-----XXOX-----OOO--------------------------- X;,10,8,-36,16
------------XO------OX----XOX-----OOO--------------------------- X;,10,16,-22,36
--------------------OX----XXOO-----OO------O-------------------- X;,9,16,-20,36
--------------------OX-----OOO-----XO--------------------------- X;,7,4,-20,-20
-------------------X-O-----XO-----XOOX---X---O------------------ X;,10,8,-36,20
-----------X------XX--O----XOO-----OOO-------------------------- X;,10,16,-22,36
-------------------XO------XX------XOOO------O------------------ X;,9,2,22,22
--------------O----XXO----XOO-----OOO--------------------------- X;,10,4,-18,-18
--------------------OX----XOX-----OOO--------------------------- X;,8,4,-18,-18
-------------X----O-X----OOOO-----XXO--------------------------- X;,10,16,2,36
------------X-------X------OX------XOO-------OO----------------- X;,9,2,22,22
--------------------O-----XOOX----OXO-------O-------O----------- X;,10,2,6,6
------------------XXX------XOOO----OOO-------------------------- X;,10,16,-18,36
-------------------OX------OXOO---XOO------O-------------------- X;,10,16,-6,36
------------O------XOX----XOO-----OOO--------------------------- X;,10,16,-18,36
------------------XXXO-----XOO-----OOO-------------------------- X;,10,16,-18,36
------------O-----OXOX----XXO------XO--------------------------- X;,10,16,-18,36
------------------O-OX----XOX------XO--------------------------- X;,8,16,-18,36
------------------O-O-----XOXX-----XO--------------------------- X;,8,2,20,20
--------------X-----OXO---XOX-----OOO--------------------------- X;,10,16,-18,36
--------------X---O-OXO---XOX------XO--------------------------- X;,10,16,-18,36
-------------------X-------XX-----OXO-----O-------O------------- X;,8,16,-18,36
------------------O-------XOX------OO------O-------------------- X;,7,2,18,18
-----------------X--------XXXX-----OOO-----O-------O------------ X;,10,4,-12,-12
-----------------O-OX-----OXX-----XOX------O-------------------- X;,10,2,6,6
-----------------X----O---XXXO-----OO------O-------O------------ X;,10,16,4,36
---------------------OO---XXXO----OOO--------------------------- X;,9,16,2,36
--------------------XO-----XOO-----OOO----O------O-------------- X;,10,8,-36,16
-------------------X-------XOO----OOOO-------O------------------ X;,9,16,2,36
------------------O---X---XOXX-----XO-------O-------O----------- X;,10,16,-8,36
--------------------O-X---XXOX-----XO-------O-------O----------- X;,10,16,-12,36
-------------X---X--X----OXOO------OO-----O--------------------- X;,10,16,10,36
------------------X-X-----OXOO-----OO-------O------------------- X;,9,16,-16,36
------------O-----XXO------OO------OOO-------------------------- X;,9,16,-16,36
------------OX-----OO----OOXO------XO--------------------------- X;,10,16,-10,36
----------O--X-----OX----OOXO------XO--------------------------- X;,10,16,-10,36
------------------OX--X----OOX-----XO-------O-------O----------- X;,10,16,2,36
-----------------X--X-----XOOO-----OO------O-------O------------ X;,10,16,0,36
--------------O-----XOX----XOO-----OOO-------------------------- X;,10,8,-36,20
----------O--------OOOO----XX------XO--------------------------- X;,9,16,2,36
---------------------X-----XX----OOXO------OO-----O------------- X;,10,16,-14,36
------------------X-------OOOOO----OO-------O------------------- X;,9,16,-20,36
-----------------X--X-----XOX------OO------O-O-----O------------ X;,10,16,2,36
---------------------XX---OOOX----XOX------O-------------------- X;,10,8,-36,-2
------------OX------X------XO------OOO----O------O-------------- X;,10,16,0,36
-------------X------X-----XXO-----OOO--------------------------- X;,8,16,-10,36
-------------------X-X----OXOO----XXO------O-------------------- X;,10,8,-36,-2
-------------------X--X----XOOO----XO-------O-------O----------- X;,10,16,-14,36
-------------X------X----OOXO-----OOO-----O--------------------- X;,10,16,-14,36
--------------------XX----OOXO----XOO------O-------------------- X;,10,8,-36,-2
----------X-------XX-------XOOO----OOO-------------------------- X;,10,4,-22,-22
-------------X------XX---OOOOO-----XO--------------------------- X;,10,16,-22,36
-------------------OX----XXOO------OOO-------------------------- X;,9,2,6,6
------------------X--------XX------XOOO--OOO-------------------- X;,10,16,-20,36
---------O---X---O--X----OXOO------XO--------------------------- X;,10,4,-24,-24
-------------X------X----OOOO------XO--------------------------- X;,8,4,-10,-10
------------------X-O------OO-----OOOO--------O----------------- X;,9,8,-36,-22
-------------X------X-----XXO------OO-----O--------------------- X;,8,16,22,36
--------------------X-----OXX-----XOX-------O------------------- X;,8,2,6,6
-----------XXX------O-----XOO-----OOO--------------------------- X;,10,16,-10,36
------------------OOOX----XOX------OO------O-------------------- X;,10,8,-36,16
-----------------O--X----XOXX------OOO-------------------------- X;,9,2,20,20
-----------XXX------O-----XXO------OO-----O--------------------- X;,10,16,-10,36
-----------------O-------OXXX----O-OO------O-------------------- X;,9,8,-36,10
-------------------OXXX---OOO-----XXX--------------------------- X;,10,8,-36,20
-----------XXX----O-O-----XOO------XO--------------------------- X;,10,16,-10,36
-------------------XO------XO-----XXOX---X--O------------------- X;,10,16,-10,36
-------------------X------OOOO----XXOX-----O-------------------- X;,10,2,-2,-2
-----------------X--------XXXX-----XX-----OOO------------------- X;,10,16,-10,36
-------------------OX------OXX----XOXO-----O-------------------- X;,10,2,6,6
-------------------XO------OO-----OOOO--------O----------------- X;,9,8,-36,10
-------------------OX-O----XXO----XOO------O-------------------- X;,10,16,-6,36
--------------------X----XXXX-----OOOO----O--------------------- X;,10,8,-36,16
------------OX----O-O-----XXOX-----XO--------------------------- X;,10,16,-10,36
-------------O-----XOX-----OX-----OXO-----X--------------------- X;,10,16,-16,36
----------X--------X-O----XXXO-----OOO-------------------------- X;,10,16,-10,36
--------------------X-----OXX-O---XOXO------O------------------- X;,10,2,6,6
-------------X----O-X-O---XXXO-----XO--------------------------- X;,10,16,-10,36
-----------X--------X------XOOO----OO-------O------------------- X;,9,16,0,36
-----------------O--------OXX------OO------O-------------------- X;,7,2,10,10
-------------------X-------XX-----OOO--------------------------- X;,6,1,-4,-4
-------------X-----XX----OOXO------OO-------O------------------- X;,10,16,-4,36
---------X--------XX------OOOO----OOO--------------------------- X;,10,2,20,20
---------X--O-----XO------OXX-----OOO--------------------------- X;,10,2,30,30
------------O-X-----OX-----XOO-----OOO-------------------------- X;,10,2,36,36
--------------------X-----OOOO----XOOO-------------------------- X;,9,8,-36,6
---------X--------XXO-----OOO-----OOO--------------------------- X;,10,2,20,20
---------XO-------OX------OXX-----OOO--------------------------- X;,10,2,36,36
--------------------X-----OXO----OOOO-------O------------------- X;,9,16,-6,36
--------------------------XXX-----XOO-----OO-----O-------------- X;,9,4,-20,-20
-------------------XO------XXO-----XOO-------O------------------ X;,9,2,18,18
-------------------OOO----XXOX-----OO-------O------------------- X;,10,8,-36,16
-------------------XXX----OOOO-----XO--------------------------- X;,9,16,-16,36
------------------OXXX-----OOO-----XO--------------------------- X;,9,16,-16,36
-------------------X-------XXO-----XXO-------O------------------ X;,8,2,16,16
-------------X----OOX----OOOO------XO--------------------------- X;,10,8,-36,16
-------------X----OXX------OO------XO--------------------------- X;,8,8,-36,-2
-------------------X--O----XXOX----XO-------O-------O----------- X;,10,16,-8,36
----------O--------OXX-----XOO-----XO--------------------------- X;,9,16,-16,36
------------------O-O-----XXOX-----OOO-------------------------- X;,9,16,2,36
-------------------XO------XOO-----XOX----XO-------------------- X;,10,16,-22,36
-----------O------OO------XOX----XOOO--------------------------- X;,10,8,-36,16
---------O-X------OX-------OO------OO-------O------------------- X;,9,16,-20,36
-------------X------X----OOXO-----XOO-------O------------------- X;,10,16,0,36
-------------------XX-----OXOO----XOO-------O------------------- X;,10,2,6,6
----------OX------XO-------XO------OO-------O------------------- X;,9,16,-20,36
------------------X-------OXO------OOO-------------------------- X;,7,16,-20,36
--------------------XXX---OOO-----XOO-------O------------------- X;,10,8,-36,20
-------------O-------O----XXXO-----OO------O-------------------- X;,9,16,-20,36
-------------------X-------XOO-----OO-----OO-----O-------------- X;,9,16,-20,36
------------------OX-------OOO-----XOX----XO-------------------- X;,10,8,-36,20
-----------------X-OX-----XOX-----XOX-----O--------------------- X;,10,8,-36,-2
--------------X----OOX-----XO-----XXXO-------------------------- X;,10,2,16,16
-------------------X-O-----XO-----XOXX---XO--------------------- X;,10,16,22,36
------------------OX-------OOO----XXOX-----O-------------------- X;,10,8,-36,20
-----------O------XOX------OO------OOO-------------------------- X;,9,16,-16,36
------------X-----OX------XOOX-----OOO-------------------------- X;,10,16,-8,36
-------------------XXX----XOOO----OOO--------------------------- X;,10,16,-18,36
------------------XO-------XO------OOO-------------------------- X;,7,16,-20,36
-------------------XOOO----XO------OO-----O--------------------- X;,9,16,-20,36
-----------------OOOX------XO------OOO-------------------------- X;,9,16,-20,36
-------------------XO------XX------XOOO-----O------------------- X;,9,2,10,10
------------O----XXXOX-----OO------XO--------------------------- X;,10,8,-36,20
------------------OX------OXXX----XOO-------O------------------- X;,10,16,-6,36
----------X-------X-------XOX-----OOO--------------------------- X;,8,8,-36,20
------------O------XOX-----XOO-----XO--------------------------- X;,9,16,-16,36
--------------------OOO----OX------XO--------------------------- X;,7,16,-20,36
------------------OX-------OX------XO--------------------------- X;,6,2,20,20
--------------X----OOX-----OX-----XOX------O-------------------- X;,10,2,20,20
-------------------X-------XXO-----XXO-----OOO------------------ X;,10,2,24,24
--------------------OO----XXOX-----OO------O-------------------- X;,9,8,-36,14
-------------------XXX-----XOO----OOO--------------------------- X;,9,16,-16,36
----------O-------XOX------OO------OOO-------------------------- X;,9,16,-16,36
------------------OX-------OXO----XXOX-----O-------------------- X;,10,2,20,20
-------------------OX-----OOO-----XOOO-------------------------- X;,9,4,-6,-6
-------------------XO------OO----XXXOX------O------------------- X;,10,8,-36,6
-------------------OX------XO----OOOOO-------------------------- X;,9,16,-6,36
------------------X-X-----OXOO-----OO------O-------------------- X;,9,16,-20,36
-------------------OXX-----OX-----XOXO-----O-------------------- X;,10,8,-36,6
------------X------X-O----XOO------OO------O-------------------- X;,9,16,0,36
-------------------XX-----OOXO-----XOO-------O------------------ X;,10,2,18,18
-------------------XO------XXO-----XOOO-----O------------------- X;,10,2,-2,-2
-------------------XO------XXXO----XOO------O------------------- X;,10,2,2,2
------------------X-------OOOO----XXXX-----O-------------------- X;,10,16,-14,36
-------------------OO-----XXOX-----OOO-------------------------- X;,9,4,2,2
-------------------XO------OO-----OOO--------------------------- X;,7,4,2,2
-------------------X------XOOO---X-XOX------O------------------- X;,10,8,-36,-2
-------------X------X----OOXO-----OXO------O-------------------- X;,10,16,-14,36
--------------------O-O---XXXO----OOO--------------------------- X;,9,16,2,36
--------------------X-----OXX-----XOXO------O------O------------ X;,10,2,8,8
--------------------OO----XXOX----OOO--------------------------- X;,9,16,2,36
----------X--------XXO-----OO-----XOX------O-------------------- X;,10,8,-36,-2
--------------------O-----XXXO----OOOOO------------------------- X;,10,16,-6,36
--------------X----OOX-----XO-----XXO-------O------------------- X;,10,2,16,16
-------------------OX----XXOX------OO--------O------------------ X;,9,2,14,14
--------------X------X-----XXO-----XOO-----O------O------------- X;,10,2,22,22
--------------O----XXO-----OO-----OOO--------------------------- X;,9,4,-16,-16
-------------O----XXO------OO------OOO-------------------------- X;,9,16,-14,36
--------------------X-----OXX----XXOX-----O-O------------------- X;,10,8,-36,16
------------OX------O-----XXO------XO--------------------------- X;,8,16,-10,36
-----------O--------OX----OXXO----XXX--------------------------- X;,10,8,-36,-2
